word,definition,word_length,complexity_level,category,usage_frequency
ubiquitous,"present, appearing, or found everywhere",9,8,academic,85
conundrum,a confusing and difficult problem or question,9,9,academic,45
ephemeral,lasting for a very short time,9,7,literary,60
perfunctory,carried out with a minimum of effort or reflection,11,8,formal,30
equivocate,use ambiguous language so as to conceal the truth,10,9,formal,40
laconic,using very few words,7,7,literary,55
prolific,producing much fruit or foliage or many offspring,8,8,general,75
quintessential,representing the most perfect example of a quality or class,14,9,general,65
voracious,wanting or devouring great quantities of food,9,8,descriptive,50
dichotomy,a division or contrast between two things,9,8,academic,70
ambiguous,open to more than one interpretation,9,7,general,80
comprehensive,complete and including everything necessary,13,8,academic,90
convoluted,extremely complex and difficult to follow,10,9,academic,35
diligent,having or showing care and conscientiousness,8,7,general,95
eloquent,fluent or persuasive in speaking or writing,8,8,communication,85
